"Product","Brand","Category","Subcategory","Verified package size","Unit","Source URL","Setup requirement"
"Smirnoff Red Label","Smirnoff","Spirits","Vodka","750ml","bottle","https://glovoapp.com/ke/en/nanyuki/chandarana-foodplus-nanyuki-nyk/?content=alcohol-sc.12803164/the-spirits-c.12803161","Owner prices, tax, barcode and stock required"
"Smirnoff Red Label","Smirnoff","Spirits","Vodka","1L","bottle","https://glovoapp.com/ke/en/nanyuki/chandarana-foodplus-nanyuki-nyk/?content=alcohol-sc.12803164/the-spirits-c.12803161","Owner prices, tax, barcode and stock required"
"Chrome Original Vodka","Chrome","Spirits","Vodka","250ml","bottle","https://glovoapp.com/ke/en/nanyuki/chandarana-foodplus-nanyuki-nyk/?content=alcohol-sc.12803164/the-spirits-c.12803161","Owner prices, tax, barcode and stock required"
"Chrome Original Vodka","Chrome","Spirits","Vodka","750ml","bottle","https://glovoapp.com/ke/en/nanyuki/chandarana-foodplus-nanyuki-nyk/?content=alcohol-sc.12803164/the-spirits-c.12803161","Owner prices, tax, barcode and stock required"
"Chrome Lemon Vodka","Chrome","Spirits","Vodka","250ml","bottle","https://glovoapp.com/ke/en/nanyuki/chandarana-foodplus-nanyuki-nyk/?content=alcohol-sc.12803164/the-spirits-c.12803161","Owner prices, tax, barcode and stock required"
"Ketel One Vodka","Ketel One","Spirits","Vodka","750ml","bottle","https://glovoapp.com/ke/en/nanyuki/chandarana-foodplus-nanyuki-nyk/?content=alcohol-sc.12803164/the-spirits-c.12803161","Owner prices, tax, barcode and stock required"
"Leleshwa Vodka","Leleshwa","Spirits","Vodka","750ml","bottle","https://glovoapp.com/ke/en/nanyuki/chandarana-foodplus-nanyuki-nyk/?content=alcohol-sc.12803164/the-spirits-c.12803161","Owner prices, tax, barcode and stock required"
"Gilbey's London Dry Gin","Gilbey's","Spirits","Gin","250ml","bottle","https://glovoapp.com/ke/en/nanyuki/chandarana-foodplus-nanyuki-nyk/?content=alcohol-sc.12803164/the-spirits-c.12803161","Owner prices, tax, barcode and stock required"
"Gilbey's London Dry Gin","Gilbey's","Spirits","Gin","350ml","bottle","https://glovoapp.com/ke/en/nanyuki/chandarana-foodplus-nanyuki-nyk/?content=alcohol-sc.12803164/the-spirits-c.12803161","Owner prices, tax, barcode and stock required"
"Gordon's London Dry Gin","Gordon's","Spirits","Gin","350ml","bottle","https://glovoapp.com/ke/en/nanyuki/chandarana-foodplus-nanyuki-nyk/?content=alcohol-sc.12803164/the-spirits-c.12803161","Owner prices, tax, barcode and stock required"
"Best London Dry Gin","Best","Spirits","Gin","250ml","bottle","https://glovoapp.com/ke/en/nanyuki/chandarana-foodplus-nanyuki-nyk/?content=alcohol-sc.12803164/the-spirits-c.12803161","Owner prices, tax, barcode and stock required"
"Best London Dry Gin","Best","Spirits","Gin","750ml","bottle","https://glovoapp.com/ke/en/nanyuki/chandarana-foodplus-nanyuki-nyk/?content=alcohol-sc.12803164/the-spirits-c.12803161","Owner prices, tax, barcode and stock required"
"Malfy Originale Gin","Malfy","Spirits","Gin","700ml","bottle","https://glovoapp.com/ke/en/nanyuki/chandarana-foodplus-nanyuki-nyk/?content=alcohol-sc.12803164/the-spirits-c.12803161","Owner prices, tax, barcode and stock required"
"Malfy Gin Con Limone","Malfy","Spirits","Gin","750ml","bottle","https://glovoapp.com/ke/en/nanyuki/chandarana-foodplus-nanyuki-nyk/?content=alcohol-sc.12803164/the-spirits-c.12803161","Owner prices, tax, barcode and stock required"
"KO 58 Spiced Orange Gin","Kenyan Originals","Spirits","Gin","750ml","bottle","https://glovoapp.com/ke/en/nanyuki/chandarana-foodplus-nanyuki-nyk/?content=alcohol-sc.12803164/the-spirits-c.12803161","Owner prices, tax, barcode and stock required"
"Gibson's Pink Gin","Gibson's","Spirits","Gin","700ml","bottle","https://glovoapp.com/ke/en/nanyuki/chandarana-foodplus-nanyuki-nyk/?content=alcohol-sc.12803164/the-spirits-c.12803161","Owner prices, tax, barcode and stock required"
"Kenya Cane","Kenya Cane","Spirits","Local spirits","250ml","bottle","https://glovoapp.com/ke/en/nanyuki/chandarana-foodplus-nanyuki-nyk/?content=alcohol-sc.12803164/the-spirits-c.12803161","Owner prices, tax, barcode and stock required"
"Kenya Cane Pineapple Fusion","Kenya Cane","Spirits","Local spirits","250ml","bottle","https://glovoapp.com/ke/en/nanyuki/chandarana-foodplus-nanyuki-nyk/?content=alcohol-sc.12803164/the-spirits-c.12803161","Owner prices, tax, barcode and stock required"
"Kenya Cane Pineapple Fusion","Kenya Cane","Spirits","Local spirits","750ml","bottle","https://glovoapp.com/ke/en/nanyuki/chandarana-foodplus-nanyuki-nyk/?content=alcohol-sc.12803164/the-spirits-c.12803161","Owner prices, tax, barcode and stock required"
"Captain Morgan Gold","Captain Morgan","Spirits","Rum","750ml","bottle","https://glovoapp.com/ke/en/nanyuki/chandarana-foodplus-nanyuki-nyk/?content=alcohol-sc.12803164/the-spirits-c.12803161","Owner prices, tax, barcode and stock required"
"Malibu Caribbean Rum","Malibu","Spirits","Rum","700ml","bottle","https://glovoapp.com/ke/en/nanyuki/chandarana-foodplus-nanyuki-nyk/?content=alcohol-sc.12803164/the-spirits-c.12803161","Owner prices, tax, barcode and stock required"
"Napoleon Gold Brandy","Napoleon","Spirits","Brandy","750ml","bottle","https://glovoapp.com/ke/en/nanyuki/chandarana-foodplus-nanyuki-nyk/?content=alcohol-sc.12803164/the-spirits-c.12803161","Owner prices, tax, barcode and stock required"
"Hennessy Very Special","Hennessy","Spirits","Cognac","350ml","bottle","https://glovoapp.com/ke/en/nanyuki/chandarana-foodplus-nanyuki-nyk/?content=alcohol-sc.12803164/the-spirits-c.12803161","Owner prices, tax, barcode and stock required"
"Hennessy VSOP","Hennessy","Spirits","Cognac","700ml","bottle","https://glovoapp.com/ke/en/nanyuki/chandarana-foodplus-nanyuki-nyk/?content=alcohol-sc.12803164/the-spirits-c.12803161","Owner prices, tax, barcode and stock required"
"Martell VS","Martell","Spirits","Cognac","700ml","bottle","https://glovoapp.com/ke/en/nanyuki/chandarana-foodplus-nanyuki-nyk/?content=alcohol-sc.12803164/the-spirits-c.12803161","Owner prices, tax, barcode and stock required"
"Martell Blue Swift","Martell","Spirits","Brandy","750ml","bottle","https://glovoapp.com/ke/en/nanyuki/chandarana-foodplus-nanyuki-nyk/?content=alcohol-sc.12803164/the-spirits-c.12803161","Owner prices, tax, barcode and stock required"
"Olmeca Gold Tequila","Olmeca","Spirits","Tequila","700ml","bottle","https://glovoapp.com/ke/en/nanyuki/chandarana-foodplus-nanyuki-nyk/?content=alcohol-sc.12803164/the-spirits-c.12803161","Owner prices, tax, barcode and stock required"
"Baileys Original Irish Cream","Baileys","Spirits","Cream liqueurs","1L","bottle","https://glovoapp.com/ke/en/nanyuki/chandarana-foodplus-nanyuki-nyk/?content=alcohol-sc.12803164/the-spirits-c.12803161","Owner prices, tax, barcode and stock required"
"VAT 69 Blended Scotch","VAT 69","Spirits","Whisky","750ml","bottle","https://glovoapp.com/ke/en/nanyuki/chandarana-foodplus-nanyuki-nyk/?content=alcohol-sc.12803164/the-spirits-c.12803161","Owner prices, tax, barcode and stock required"
"Monkey Shoulder Blended Malt","Monkey Shoulder","Spirits","Whisky","700ml","bottle","https://glovoapp.com/ke/en/nanyuki/chandarana-foodplus-nanyuki-nyk/?content=alcohol-sc.12803164/the-spirits-c.12803161","Owner prices, tax, barcode and stock required"
"Grant's Triple Wood","Grant's","Spirits","Whisky","750ml","bottle","https://glovoapp.com/ke/en/nanyuki/chandarana-foodplus-nanyuki-nyk/?content=alcohol-sc.12803164/the-spirits-c.12803161","Owner prices, tax, barcode and stock required"
"Hunter's Choice Whisky","Hunter's Choice","Spirits","Whisky","350ml","bottle","https://glovoapp.com/ke/en/nanyuki/chandarana-foodplus-nanyuki-nyk/?content=alcohol-sc.12803164/the-spirits-c.12803161","Owner prices, tax, barcode and stock required"
"Jack Daniel's Tennessee Fire","Jack Daniel's","Spirits","Whisky","700ml","bottle","https://glovoapp.com/ke/en/nanyuki/chandarana-foodplus-nanyuki-nyk/?content=alcohol-sc.12803164/the-spirits-c.12803161","Owner prices, tax, barcode and stock required"
"Martini Rosso Vermouth","Martini","Wines","Fortified wine","750ml","bottle","https://glovoapp.com/ke/en/nanyuki/chandarana-foodplus-nanyuki-nyk/?content=alcohol-sc.12803164/the-spirits-c.12803161","Owner prices, tax, barcode and stock required"
"Johnnie Walker Black Label","Johnnie Walker","Spirits","Whisky","250ml","bottle","https://www.oaks.delivery/product/johnnie-walker-black-label-1l/","Owner prices, tax, barcode and stock required"
"Johnnie Walker Black Label","Johnnie Walker","Spirits","Whisky","375ml","bottle","https://www.oaks.delivery/product/johnnie-walker-black-label-1l/","Owner prices, tax, barcode and stock required"
"Johnnie Walker Black Label","Johnnie Walker","Spirits","Whisky","750ml","bottle","https://www.oaks.delivery/product/johnnie-walker-black-label-1l/","Owner prices, tax, barcode and stock required"
"Johnnie Walker Black Label","Johnnie Walker","Spirits","Whisky","1L","bottle","https://www.oaks.delivery/product/johnnie-walker-black-label-1l/","Owner prices, tax, barcode and stock required"
"Johnnie Walker Red Label","Johnnie Walker","Spirits","Whisky","750ml","bottle","https://www.oaks.delivery/product/johnnie-walker-black-label-1l/","Owner prices, tax, barcode and stock required"
"Johnnie Walker Red Label","Johnnie Walker","Spirits","Whisky","1L","bottle","https://www.oaks.delivery/product/johnnie-walker-black-label-1l/","Owner prices, tax, barcode and stock required"
"Jameson Irish Whiskey","Jameson","Spirits","Whisky","750ml","bottle","https://www.oaks.delivery/product/johnnie-walker-black-label-1l/","Owner prices, tax, barcode and stock required"
"Chivas Regal 12 Year Old","Chivas Regal","Spirits","Whisky","1L","bottle","https://www.oaks.delivery/product/johnnie-walker-black-label-1l/","Owner prices, tax, barcode and stock required"
"Johnnie Walker Red Label","Johnnie Walker","Spirits","Whisky","250ml","bottle","https://www.oaks.delivery/product/johnnie-walker-red-label-375ml/","Owner prices, tax, barcode and stock required"
"Johnnie Walker Red Label","Johnnie Walker","Spirits","Whisky","375ml","bottle","https://www.oaks.delivery/product/johnnie-walker-red-label-375ml/","Owner prices, tax, barcode and stock required"
"Black & White Blended Scotch","Black & White","Spirits","Whisky","750ml","bottle","https://www.oaks.delivery/product/johnnie-walker-red-label-375ml/","Owner prices, tax, barcode and stock required"
"Imperial Blue Whisky","Imperial Blue","Spirits","Whisky","750ml","bottle","https://www.oaks.delivery/product/johnnie-walker-red-label-375ml/","Owner prices, tax, barcode and stock required"
"Jameson Irish Whiskey","Jameson","Spirits","Whisky","1L","bottle","https://www.oaks.delivery/product/johnnie-walker-red-label-375ml/","Owner prices, tax, barcode and stock required"
"Glenfiddich 15 Year Old","Glenfiddich","Spirits","Whisky","1L","bottle","https://nairobidrinks.co.ke/whisky/","Owner prices, tax, barcode and stock required"
"Glenfiddich 18 Year Old","Glenfiddich","Spirits","Whisky","750ml","bottle","https://nairobidrinks.co.ke/whisky/","Owner prices, tax, barcode and stock required"
"Johnnie Walker Double Black","Johnnie Walker","Spirits","Whisky","1L","bottle","https://nairobidrinks.co.ke/whisky/","Owner prices, tax, barcode and stock required"
"Glenmorangie Original","Glenmorangie","Spirits","Whisky","750ml","bottle","https://nairobidrinks.co.ke/whisky/","Owner prices, tax, barcode and stock required"
"Glenmorangie Original","Glenmorangie","Spirits","Whisky","1L","bottle","https://nairobidrinks.co.ke/whisky/","Owner prices, tax, barcode and stock required"
"Glenmorangie Lasanta","Glenmorangie","Spirits","Whisky","750ml","bottle","https://nairobidrinks.co.ke/whisky/","Owner prices, tax, barcode and stock required"
"The Glenlivet Founder's Reserve","The Glenlivet","Spirits","Whisky","750ml","bottle","https://nairobidrinks.co.ke/whisky/","Owner prices, tax, barcode and stock required"
"The Glenlivet 12 Year Old","The Glenlivet","Spirits","Whisky","750ml","bottle","https://nairobidrinks.co.ke/whisky/","Owner prices, tax, barcode and stock required"
"The Glenlivet 12 Year Old","The Glenlivet","Spirits","Whisky","1L","bottle","https://nairobidrinks.co.ke/whisky/","Owner prices, tax, barcode and stock required"
"Konyagi","Konyagi","Spirits","Imported spirits","250ml","bottle","https://www.oaks.delivery/product/konyagi-750ml/","Owner prices, tax, barcode and stock required"
"Konyagi","Konyagi","Spirits","Imported spirits","500ml","bottle","https://www.oaks.delivery/product/konyagi-750ml/","Owner prices, tax, barcode and stock required"
"Konyagi","Konyagi","Spirits","Imported spirits","750ml","bottle","https://www.oaks.delivery/product/konyagi-750ml/","Owner prices, tax, barcode and stock required"
"Kenya Cane","Kenya Cane","Spirits","Local spirits","750ml","bottle","https://www.oaks.delivery/product/konyagi-750ml/","Owner prices, tax, barcode and stock required"
"Caribia Cane","Caribia","Spirits","Local spirits","750ml","bottle","https://www.oaks.delivery/product/konyagi-750ml/","Owner prices, tax, barcode and stock required"
"Kibao Vodka","Kibao","Spirits","Vodka","750ml","bottle","https://www.oaks.delivery/product-category/spirits/","Owner prices, tax, barcode and stock required"
"Aviation American Gin","Aviation","Spirits","Gin","750ml","bottle","https://www.oaks.delivery/product-category/spirits/","Owner prices, tax, barcode and stock required"
"Bacardi Breezer Strawberry","Bacardi","Beer & Cider","Alcopops","275ml","bottle","https://www.oaks.delivery/product-category/spirits/","Owner prices, tax, barcode and stock required"
"Amarula Cream Liqueur","Amarula","Spirits","Cream liqueurs","750ml","bottle","https://www.carrefour.ke/mafken/en/c/FKEN21030500","Owner prices, tax, barcode and stock required"
"Jägermeister Herbal Liqueur","Jägermeister","Spirits","Liqueurs","1L","bottle","https://www.carrefour.ke/mafken/en/c/FKEN21030500","Owner prices, tax, barcode and stock required"
"Baileys Original Irish Cream","Baileys","Spirits","Cream liqueurs","375ml","bottle","https://www.carrefour.ke/mafken/en/c/FKEN21030500","Owner prices, tax, barcode and stock required"
"4th Street Sweet Rosé","4th Street","Wines","Rosé","750ml","bottle","https://nairobidrinks.co.ke/wine/","Owner prices, tax, barcode and stock required"
"4th Street Sweet Rosé","4th Street","Wines","Rosé","1.5L","bottle","https://nairobidrinks.co.ke/wine/","Owner prices, tax, barcode and stock required"
"Asconi Kagor Lux","Asconi","Wines","Sweet wine","750ml","bottle","https://nairobidrinks.co.ke/wine/","Owner prices, tax, barcode and stock required"
"Harveys Bristol Cream Sherry","Harveys","Wines","Fortified wine","750ml","bottle","https://nairobidrinks.co.ke/wine/","Owner prices, tax, barcode and stock required"
"Harveys Bristol Cream Sherry","Harveys","Wines","Fortified wine","1L","bottle","https://nairobidrinks.co.ke/wine/","Owner prices, tax, barcode and stock required"
"Arbor Mist White Zinfandel Strawberry","Arbor Mist","Wines","Rosé","750ml","bottle","https://nairobidrinks.co.ke/wine/","Owner prices, tax, barcode and stock required"
"Arbor Mist Chardonnay Tropical Fruits","Arbor Mist","Wines","White wine","750ml","bottle","https://nairobidrinks.co.ke/wine/","Owner prices, tax, barcode and stock required"
"Ama La Vida White","Ama La Vida","Wines","White wine","750ml","bottle","https://nairobidrinks.co.ke/wine/","Owner prices, tax, barcode and stock required"
"Drostdy-Hof Premier Grand Cru","Drostdy-Hof","Wines","Dry wine","750ml","bottle","https://nairobidrinks.co.ke/wine/","Owner prices, tax, barcode and stock required"
"Drostdy-Hof White Sweet","Drostdy-Hof","Wines","Sweet wine","750ml","bottle","https://nairobidrinks.co.ke/wine/","Owner prices, tax, barcode and stock required"
"Four Cousins Natural Sweet Red","Four Cousins","Wines","Red wine","750ml","bottle","https://www.oaks.delivery/product/four-cousins-sweet-red-75cl/","Owner prices, tax, barcode and stock required"
"Four Cousins Natural Sweet Red","Four Cousins","Wines","Red wine","1.5L","bottle","https://www.oaks.delivery/product/four-cousins-sweet-red-75cl/","Owner prices, tax, barcode and stock required"
"Mucho Más Black Edition","Mucho Más","Wines","Red wine","750ml","bottle","https://www.oaks.delivery/c/wine/","Owner prices, tax, barcode and stock required"
"Signore Giuseppe Prosecco Spumante White","Signore Giuseppe","Wines","Sparkling wine","750ml","bottle","https://www.oaks.delivery/c/wine/","Owner prices, tax, barcode and stock required"
"Tusker Lager","Tusker","Beer & Cider","Lager","500ml","can","https://www.carrefour.ke/mafken/en/c/FKEN21040000","Owner prices, tax, barcode and stock required"
"Tusker Malt","Tusker","Beer & Cider","Malt beer","500ml","can","https://www.carrefour.ke/mafken/en/c/FKEN21040000","Owner prices, tax, barcode and stock required"
"Tusker Lite","Tusker","Beer & Cider","Light beer","500ml","can","https://www.carrefour.ke/mafken/en/c/FKEN21040000","Owner prices, tax, barcode and stock required"
"Tusker Premium Apple Cider","Tusker","Beer & Cider","Cider","500ml","can","https://www.carrefour.ke/mafken/en/c/FKEN21040000","Owner prices, tax, barcode and stock required"
"White Cap Lager","White Cap","Beer & Cider","Lager","500ml","can","https://www.carrefour.ke/mafken/en/c/FKEN21040000","Owner prices, tax, barcode and stock required"
"White Cap Crisp","White Cap","Beer & Cider","Lager","330ml","can","https://www.carrefour.ke/mafken/en/c/FKEN21040000","Owner prices, tax, barcode and stock required"
"Pilsner Lager","Pilsner","Beer & Cider","Lager","500ml","can","https://www.carrefour.ke/mafken/en/c/FKEN21040000","Owner prices, tax, barcode and stock required"
"Guinness Foreign Extra Stout","Guinness","Beer & Cider","Stout","500ml","can","https://www.carrefour.ke/mafken/en/c/FKEN21040000","Owner prices, tax, barcode and stock required"
"Balozi Lager","Balozi","Beer & Cider","Lager","500ml","can","https://www.carrefour.ke/mafken/en/c/FKEN21040000","Owner prices, tax, barcode and stock required"
"Savanna Dry Cider","Savanna","Beer & Cider","Cider","330ml","bottle","https://www.carrefour.ke/mafken/en/c/FKEN21040000","Owner prices, tax, barcode and stock required"
"Savanna Angry Lemon Cider","Savanna","Beer & Cider","Cider","330ml","bottle","https://www.carrefour.ke/mafken/en/c/FKEN21040000","Owner prices, tax, barcode and stock required"
"Hunter's Dry Apple Cider","Hunter's","Beer & Cider","Cider","330ml","bottle","https://www.carrefour.ke/mafken/en/c/FKEN21040000","Owner prices, tax, barcode and stock required"
"Snapp Apple","Snapp","Beer & Cider","Alcopops","330ml","can","https://www.carrefour.ke/mafken/en/c/FKEN21040000","Owner prices, tax, barcode and stock required"
"Bila Shaka Capitan Lager","Bila Shaka","Beer & Cider","Craft beer","500ml","bottle","https://www.carrefour.ke/mafken/en/c/FKEN21040000","Owner prices, tax, barcode and stock required"
"Manyatta Pineapple & Mint Cider","Manyatta","Beer & Cider","Cider","300ml","bottle","https://www.carrefour.ke/mafken/en/c/FKEN21040000","Owner prices, tax, barcode and stock required"
"KO Lime & Ginger Cider","Kenyan Originals","Beer & Cider","Cider","330ml","can","https://www.carrefour.ke/mafken/en/c/FKEN21040000","Owner prices, tax, barcode and stock required"
"KO Pineapple & Mint Cider","Kenyan Originals","Beer & Cider","Cider","330ml","can","https://www.carrefour.ke/mafken/en/c/FKEN21040000","Owner prices, tax, barcode and stock required"
"KO Honey & Lemon Cider","Kenyan Originals","Beer & Cider","Cider","330ml","can","https://www.carrefour.ke/mafken/en/c/FKEN21040000","Owner prices, tax, barcode and stock required"
"Heineken Lager 6-pack","Heineken","Beer & Cider","Lager","6 × 330ml","pack","https://www.carrefour.ke/mafken/en/c/FKEN21040000","Owner prices, tax, barcode and stock required"
"Coca-Cola Original","Coca-Cola","Soft Drinks","Cola","350ml","bottle","https://www.carrefour.ke/mafken/en/c/FKEN1550000","Owner prices, tax, barcode and stock required"
"Coca-Cola Original","Coca-Cola","Soft Drinks","Cola","500ml","bottle","https://www.carrefour.ke/mafken/en/c/FKEN1550000","Owner prices, tax, barcode and stock required"
"Coca-Cola Original","Coca-Cola","Soft Drinks","Cola","2L","bottle","https://www.carrefour.ke/mafken/en/c/FKEN1550000","Owner prices, tax, barcode and stock required"
"Coca-Cola Zero Sugar","Coca-Cola","Soft Drinks","Cola","330ml","can","https://www.carrefour.ke/mafken/en/c/FKEN1550000","Owner prices, tax, barcode and stock required"
"Coca-Cola Zero Sugar","Coca-Cola","Soft Drinks","Cola","2L","bottle","https://www.carrefour.ke/mafken/en/c/FKEN1550000","Owner prices, tax, barcode and stock required"
"Fanta Orange","Fanta","Soft Drinks","Orange soda","350ml","bottle","https://www.carrefour.ke/mafken/en/c/FKEN1550000","Owner prices, tax, barcode and stock required"
"Fanta Orange","Fanta","Soft Drinks","Orange soda","2L","bottle","https://www.carrefour.ke/mafken/en/c/FKEN1550000","Owner prices, tax, barcode and stock required"
"Fanta Blackcurrant","Fanta","Soft Drinks","Other flavours","2L","bottle","https://www.carrefour.ke/mafken/en/c/FKEN1550000","Owner prices, tax, barcode and stock required"
"Fanta Passion","Fanta","Soft Drinks","Other flavours","500ml","bottle","https://www.carrefour.ke/mafken/en/c/FKEN1550000","Owner prices, tax, barcode and stock required"
"Fanta Passion","Fanta","Soft Drinks","Other flavours","2L","bottle","https://www.carrefour.ke/mafken/en/c/FKEN1550000","Owner prices, tax, barcode and stock required"
"Sprite","Sprite","Soft Drinks","Lemon-lime","350ml","bottle","https://www.carrefour.ke/mafken/en/c/FKEN1550000","Owner prices, tax, barcode and stock required"
"Sprite","Sprite","Soft Drinks","Lemon-lime","500ml","bottle","https://www.carrefour.ke/mafken/en/c/FKEN1550000","Owner prices, tax, barcode and stock required"
"Stoney Tangawizi","Stoney","Soft Drinks","Ginger soda","350ml","bottle","https://www.carrefour.ke/mafken/en/c/FKEN1550000","Owner prices, tax, barcode and stock required"
"Pepsi Cola","Pepsi","Soft Drinks","Cola","2L","bottle","https://www.carrefour.ke/mafken/en/c/FKEN1550000","Owner prices, tax, barcode and stock required"
"Pepsi Max","Pepsi","Soft Drinks","Cola","2L","bottle","https://www.carrefour.ke/mafken/en/c/FKEN1550000","Owner prices, tax, barcode and stock required"
"Mirinda Lemon","Mirinda","Soft Drinks","Other flavours","2L","bottle","https://www.carrefour.ke/mafken/en/c/FKEN1550000","Owner prices, tax, barcode and stock required"
"7UP","7UP","Soft Drinks","Lemon-lime","2L","bottle","https://www.carrefour.ke/mafken/en/c/FKEN1550000","Owner prices, tax, barcode and stock required"
"Mountain Dew","Mountain Dew","Soft Drinks","Other flavours","2L","bottle","https://www.carrefour.ke/mafken/en/c/FKEN1550000","Owner prices, tax, barcode and stock required"
"Alvaro Malt Drink","Alvaro","Soft Drinks","Malt drinks","330ml","can","https://www.carrefour.ke/mafken/en/c/FKEN1550000","Owner prices, tax, barcode and stock required"
"Savanah Cocopine","Savanah","Soft Drinks","Juice","2L","bottle","https://www.carrefour.ke/mafken/en/c/FKEN1550000","Owner prices, tax, barcode and stock required"
"Red Bull Energy Drink","Red Bull","Energy Drinks","Energy drinks","250ml","can","https://www.carrefour.ke/mafken/en/c/FKEN1550000","Owner prices, tax, barcode and stock required"
"Red Bull Watermelon","Red Bull","Energy Drinks","Energy drinks","250ml","can","https://www.carrefour.ke/mafken/en/c/FKEN1550000","Owner prices, tax, barcode and stock required"
"Monster Energy Original","Monster","Energy Drinks","Energy drinks","500ml","can","https://www.carrefour.ke/mafken/en/c/FKEN1550000","Owner prices, tax, barcode and stock required"
"Monster Zero Ultra","Monster","Energy Drinks","Energy drinks","500ml","can","https://www.carrefour.ke/mafken/en/c/FKEN1550000","Owner prices, tax, barcode and stock required"
"Lucozade Boost","Lucozade","Energy Drinks","Energy drinks","250ml","bottle","https://www.carrefour.ke/mafken/en/c/FKEN1550000","Owner prices, tax, barcode and stock required"
"Reload Lemon Isotonic","Reload","Energy Drinks","Sports drinks","500ml","bottle","https://www.carrefour.ke/mafken/en/c/FKEN1550000","Owner prices, tax, barcode and stock required"
"Reload Orange Isotonic","Reload","Energy Drinks","Sports drinks","500ml","bottle","https://www.carrefour.ke/mafken/en/c/FKEN1550000","Owner prices, tax, barcode and stock required"
"Schweppes Tonic Water","Schweppes","Mixers","Tonic","330ml","can","https://www.carrefour.ke/mafken/en/c/FKEN1550000","Owner prices, tax, barcode and stock required"
"Schweppes Tonic Water","Schweppes","Mixers","Tonic","500ml","bottle","https://www.carrefour.ke/mafken/en/c/FKEN1550000","Owner prices, tax, barcode and stock required"
"Schweppes Ginger Ale","Schweppes","Mixers","Ginger ale","330ml","can","https://www.carrefour.ke/mafken/en/tonic-soda-water/schweppes-tonic-water-ginger330ml/p/178181","Owner prices, tax, barcode and stock required"
"Dasani Drinking Water","Dasani","Water","Bottled water","500ml","bottle","https://alladin.co.ke/alcoholic-beverages-cigarettes/drinks/water","Owner prices, tax, barcode and stock required"
"Keringet Sparkling Water","Keringet","Water","Sparkling water","500ml","bottle","https://alladin.co.ke/alcoholic-beverages-cigarettes/drinks/water","Owner prices, tax, barcode and stock required"
"Dasani Drinking Water","Dasani","Water","Bottled water","1.5L","bottle","https://www.tawalasupermarket.co.ke/water/154-dasani-mineral-water-15l-1000010000254.html","Owner prices, tax, barcode and stock required"
"Keringet Natural Mineral Water 6-pack","Keringet","Water","Mineral water","6 × 500ml","pack","https://www.tawalasupermarket.co.ke/water/154-dasani-mineral-water-15l-1000010000254.html","Owner prices, tax, barcode and stock required"
"Keringet Sparkling Water","Keringet","Water","Sparkling water","1L","bottle","https://www.tawalasupermarket.co.ke/water/154-dasani-mineral-water-15l-1000010000254.html","Owner prices, tax, barcode and stock required"
"Aquamist Mango Flavoured Water","Aquamist","Water","Bottled water","500ml","bottle","https://www.tawalasupermarket.co.ke/water/154-dasani-mineral-water-15l-1000010000254.html","Owner prices, tax, barcode and stock required"
"Quencher Drinking Water","Quencher","Water","Bottled water","10L","bottle","https://www.tawalasupermarket.co.ke/water/154-dasani-mineral-water-15l-1000010000254.html","Owner prices, tax, barcode and stock required"
"Tropical Heat Salted Potato Crisps","Tropical Heat","Snacks & Accessories","Snacks","50g","bag","https://www.carrefour.ke/mafken/en/chips/trop-heat-crisps-salted-50g/p/32275","Owner prices, tax, barcode and stock required"
"Tropical Heat Chilli Lemon Potato Crisps","Tropical Heat","Snacks & Accessories","Snacks","50g","bag","https://www.carrefour.ke/mafken/en/c/FKEN1730200","Owner prices, tax, barcode and stock required"
"Homezaza Mini Bottle Opener DH1839","Homezaza","Snacks & Accessories","Bottle openers","","unit","https://www.carrefour.ke/mafken/en/c/NFKEN8090909","Package confirmation, owner prices, tax, barcode and stock required"
