Requirement,Existing,Verified,Gap,Action,Status
"R01 Repository tree, documentation, configuration, all source and tests",Yes,87-file source/action inventory; fresh baseline commands,Documentation is not executable evidence,"Compared actual routes, triggers, code paths and tests; retained existing architecture",Verified
R02 Fast Kenyan beverage POS and management domains,Yes,Baseline plus 86 API/unit/client tests and 8 browser scenarios,Specific weaknesses below,"Extended existing POS, inventory, accounting, approvals and reports",Verified software
R03 / R09 Staff Accountant: Sales,Yes,api-completion.test.ts authenticated accountant + independent owner journey,Baseline coverage was narrower than the requested role matrix,"Exercised real HTTP creation, posted effects and review",Verified
R03 / R09 Staff Accountant: Expenses,Yes,api-completion.test.ts authenticated accountant + independent owner journey,Baseline coverage was narrower than the requested role matrix,"Exercised real HTTP creation, posted effects and review",Verified
R03 / R09 Staff Accountant: Stock receiving / purchases,Yes,api-completion.test.ts authenticated accountant + independent owner journey,Baseline coverage was narrower than the requested role matrix,"Exercised real HTTP creation, posted effects and review",Verified
R03 / R09 Staff Accountant: Stock counts,Yes,api-completion.test.ts authenticated accountant + independent owner journey,Baseline coverage was narrower than the requested role matrix,"Exercised real HTTP creation, posted effects and review",Verified
R03 / R09 Staff Accountant: Wastage,Yes,api-completion.test.ts authenticated accountant + independent owner journey,Baseline coverage was narrower than the requested role matrix,"Exercised real HTTP creation, posted effects and review",Verified
R03 / R09 Staff Accountant: Reconciliation,Yes,api-completion.test.ts authenticated accountant + independent owner journey,Baseline coverage was narrower than the requested role matrix,"Exercised real HTTP creation, posted effects and review",Verified
R03 / R09 Deny staff: Delete sales,Yes,api-completion + second-pass-security + hardening tests,REPLACE defence and report-override preservation needed strengthening,Server denials and immutable history verified; closed S01/S02/S03/S05,Verified / hardened
R03 / R09 Deny staff: Delete expenses,Yes,api-completion + second-pass-security + hardening tests,REPLACE defence and report-override preservation needed strengthening,Server denials and immutable history verified; closed S01/S02/S03/S05,Verified / hardened
R03 / R09 Deny staff: Delete purchases,Yes,api-completion + second-pass-security + hardening tests,REPLACE defence and report-override preservation needed strengthening,Server denials and immutable history verified; closed S01/S02/S03/S05,Verified / hardened
R03 / R09 Deny staff: Delete stock movements,Yes,api-completion + second-pass-security + hardening tests,REPLACE defence and report-override preservation needed strengthening,Server denials and immutable history verified; closed S01/S02/S03/S05,Verified / hardened
R03 / R09 Deny staff: Rewrite historical transactions,Yes,api-completion + second-pass-security + hardening tests,REPLACE defence and report-override preservation needed strengthening,Server denials and immutable history verified; closed S01/S02/S03/S05,Verified / hardened
R03 / R09 Deny staff: Alter audit logs,Yes,api-completion + second-pass-security + hardening tests,REPLACE defence and report-override preservation needed strengthening,Server denials and immutable history verified; closed S01/S02/S03/S05,Verified / hardened
R03 / R09 Deny staff: Approve own requests,Yes,api-completion + second-pass-security + hardening tests,REPLACE defence and report-override preservation needed strengthening,Server denials and immutable history verified; closed S01/S02/S03/S05,Verified / hardened
R03 / R09 Deny staff: Bypass approval controls,Yes,api-completion + second-pass-security + hardening tests,REPLACE defence and report-override preservation needed strengthening,Server denials and immutable history verified; closed S01/S02/S03/S05,Verified / hardened
R03 / R09 Deny staff: Change permissions / manage administrators,Yes,api-completion + second-pass-security + hardening tests,REPLACE defence and report-override preservation needed strengthening,Server denials and immutable history verified; closed S01/S02/S03/S05,Verified / hardened
R03 Error → request → independent review → append-only correction,Yes,"API journey, 8 browser scenarios, original-record and journal assertions",Zero-cent returns and rejected receiving were incomplete,Added exact cumulative refund handling and linked purchase replacements,Fixed and verified
R04 Approval metadata/control: Request ID and original reference,Yes,approvals tests; api-completion; CSV export inspection,Receiving outcome narrative and export metadata were incomplete,"Preserved/extended existing requests, events and report columns",Verified / extended
R04 Approval metadata/control: Requester and reason,Yes,approvals tests; api-completion; CSV export inspection,Receiving outcome narrative and export metadata were incomplete,"Preserved/extended existing requests, events and report columns",Verified / extended
R04 Approval metadata/control: Explanation / requested outcome,Yes,approvals tests; api-completion; CSV export inspection,Receiving outcome narrative and export metadata were incomplete,"Preserved/extended existing requests, events and report columns",Verified / extended
R04 Approval metadata/control: Reviewer / decision / timestamp,Yes,approvals tests; api-completion; CSV export inspection,Receiving outcome narrative and export metadata were incomplete,"Preserved/extended existing requests, events and report columns",Verified / extended
R04 Approval metadata/control: Immutable audit link,Yes,approvals tests; api-completion; CSV export inspection,Receiving outcome narrative and export metadata were incomplete,"Preserved/extended existing requests, events and report columns",Verified / extended
R04 Approval metadata/control: Clarify / requester reply,Yes,approvals tests; api-completion; CSV export inspection,Receiving outcome narrative and export metadata were incomplete,"Preserved/extended existing requests, events and report columns",Verified / extended
R04 Approval metadata/control: Reject without financial execution,Yes,approvals tests; api-completion; CSV export inspection,Receiving outcome narrative and export metadata were incomplete,"Preserved/extended existing requests, events and report columns",Verified / extended
R05 Catalogue: Spirits / Whisky,Yes,catalogue.ts and 140-row evidence register,Physical packages are not certified by source links,Retained sourced candidates; did not invent sizes or variants,Present; owner confirmation required
R05 Catalogue: Spirits / Vodka,Yes,catalogue.ts and 140-row evidence register,Physical packages are not certified by source links,Retained sourced candidates; did not invent sizes or variants,Present; owner confirmation required
R05 Catalogue: Spirits / Gin,Yes,catalogue.ts and 140-row evidence register,Physical packages are not certified by source links,Retained sourced candidates; did not invent sizes or variants,Present; owner confirmation required
R05 Catalogue: Spirits / Rum,Yes,catalogue.ts and 140-row evidence register,Physical packages are not certified by source links,Retained sourced candidates; did not invent sizes or variants,Present; owner confirmation required
R05 Catalogue: Spirits / Brandy,Yes,catalogue.ts and 140-row evidence register,Physical packages are not certified by source links,Retained sourced candidates; did not invent sizes or variants,Present; owner confirmation required
R05 Catalogue: Spirits / Cognac,Yes,catalogue.ts and 140-row evidence register,Physical packages are not certified by source links,Retained sourced candidates; did not invent sizes or variants,Present; owner confirmation required
R05 Catalogue: Spirits / Tequila,Yes,catalogue.ts and 140-row evidence register,Physical packages are not certified by source links,Retained sourced candidates; did not invent sizes or variants,Present; owner confirmation required
R05 Catalogue: Spirits / Liqueurs,Yes,catalogue.ts and 140-row evidence register,Physical packages are not certified by source links,Retained sourced candidates; did not invent sizes or variants,Present; owner confirmation required
R05 Catalogue: Spirits / Cream liqueurs,Yes,catalogue.ts and 140-row evidence register,Physical packages are not certified by source links,Retained sourced candidates; did not invent sizes or variants,Present; owner confirmation required
R05 Catalogue: Spirits / Local spirits,Yes,catalogue.ts and 140-row evidence register,Physical packages are not certified by source links,Retained sourced candidates; did not invent sizes or variants,Present; owner confirmation required
R05 Catalogue: Spirits / Imported spirits,Yes,catalogue.ts and 140-row evidence register,Physical packages are not certified by source links,Retained sourced candidates; did not invent sizes or variants,Present; owner confirmation required
R05 Catalogue: Wines / Red wine,Yes,catalogue.ts and 140-row evidence register,Physical packages are not certified by source links,Retained sourced candidates; did not invent sizes or variants,Present; owner confirmation required
R05 Catalogue: Wines / White wine,Yes,catalogue.ts and 140-row evidence register,Physical packages are not certified by source links,Retained sourced candidates; did not invent sizes or variants,Present; owner confirmation required
R05 Catalogue: Wines / Rosé,Yes,catalogue.ts and 140-row evidence register,Physical packages are not certified by source links,Retained sourced candidates; did not invent sizes or variants,Present; owner confirmation required
R05 Catalogue: Wines / Sparkling wine,Yes,catalogue.ts and 140-row evidence register,Physical packages are not certified by source links,Retained sourced candidates; did not invent sizes or variants,Present; owner confirmation required
R05 Catalogue: Wines / Sweet wine,Yes,catalogue.ts and 140-row evidence register,Physical packages are not certified by source links,Retained sourced candidates; did not invent sizes or variants,Present; owner confirmation required
R05 Catalogue: Wines / Dry wine,Yes,catalogue.ts and 140-row evidence register,Physical packages are not certified by source links,Retained sourced candidates; did not invent sizes or variants,Present; owner confirmation required
R05 Catalogue: Wines / Fortified wine,Yes,catalogue.ts and 140-row evidence register,Physical packages are not certified by source links,Retained sourced candidates; did not invent sizes or variants,Present; owner confirmation required
R05 Catalogue: Beer & Cider,Yes,catalogue tests and CATALOGUE_SECOND_PASS.csv,Source access does not prove every package; one accessory size missing,"18 sources checked: 16 accessible, 1 HTTP 404, 1 unavailable; explicit unverified-field labelling",Present; owner confirmation required
R05 Catalogue: Soda / Soft Drinks,Yes,catalogue tests and CATALOGUE_SECOND_PASS.csv,Source access does not prove every package; one accessory size missing,"18 sources checked: 16 accessible, 1 HTTP 404, 1 unavailable; explicit unverified-field labelling",Present; owner confirmation required
R05 Catalogue: Water,Yes,catalogue tests and CATALOGUE_SECOND_PASS.csv,Source access does not prove every package; one accessory size missing,"18 sources checked: 16 accessible, 1 HTTP 404, 1 unavailable; explicit unverified-field labelling",Present; owner confirmation required
R05 Catalogue: Energy Drinks,Yes,catalogue tests and CATALOGUE_SECOND_PASS.csv,Source access does not prove every package; one accessory size missing,"18 sources checked: 16 accessible, 1 HTTP 404, 1 unavailable; explicit unverified-field labelling",Present; owner confirmation required
R05 Catalogue: Mixers,Yes,catalogue tests and CATALOGUE_SECOND_PASS.csv,Source access does not prove every package; one accessory size missing,"18 sources checked: 16 accessible, 1 HTTP 404, 1 unavailable; explicit unverified-field labelling",Present; owner confirmation required
R05 Catalogue: Snacks / Accessories,Yes,catalogue tests and CATALOGUE_SECOND_PASS.csv,Source access does not prove every package; one accessory size missing,"18 sources checked: 16 accessible, 1 HTTP 404, 1 unavailable; explicit unverified-field labelling",Present; owner confirmation required
"R05 No fabricated prices, barcodes, packages or suppliers",Yes,"Main 140 listings; no configured prices, no stock; source review",Historical links are not independent verification,No new product variants or prices seeded; preserve original values and mark uncertainty,Verified seed controls
R06 Pricing: Nullable buying / retail / wholesale / promotional prices,Yes,catalogue/sales tests; full browser journey,No replacement pricing engine required,Reused versioned price history and manual pricing; tested unchanged historical costs,Verified
"R06 Pricing: Previous/new price, actor, timestamp and reason",Yes,catalogue/sales tests; full browser journey,No replacement pricing engine required,Reused versioned price history and manual pricing; tested unchanged historical costs,Verified
R06 Pricing: Historical charged price / recorded cost retained,Yes,catalogue/sales tests; full browser journey,No replacement pricing engine required,Reused versioned price history and manual pricing; tested unchanged historical costs,Verified
R06 Pricing: Bulk manual sheet and staged CSV/TSV import,Yes,catalogue/sales tests; full browser journey,No replacement pricing engine required,Reused versioned price history and manual pricing; tested unchanged historical costs,Verified
R07 Inventory flow: Opening stock,Yes,inventory/approvals/second-pass-accounting/VAT/API tests,Zero-money partial restock and invoice correction edges,Extended the existing movement ledger; preserved integer quantities and WAC,Verified / hardened
R07 Inventory flow: Purchase receipt,Yes,inventory/approvals/second-pass-accounting/VAT/API tests,Zero-money partial restock and invoice correction edges,Extended the existing movement ledger; preserved integer quantities and WAC,Verified / hardened
R07 Inventory flow: Approved positive adjustment,Yes,inventory/approvals/second-pass-accounting/VAT/API tests,Zero-money partial restock and invoice correction edges,Extended the existing movement ledger; preserved integer quantities and WAC,Verified / hardened
R07 Inventory flow: Approved customer return / restock,Yes,inventory/approvals/second-pass-accounting/VAT/API tests,Zero-money partial restock and invoice correction edges,Extended the existing movement ledger; preserved integer quantities and WAC,Verified / hardened
R07 Inventory flow: Sale deduction,Yes,inventory/approvals/second-pass-accounting/VAT/API tests,Zero-money partial restock and invoice correction edges,Extended the existing movement ledger; preserved integer quantities and WAC,Verified / hardened
R07 Inventory flow: Approved wastage/damage,Yes,inventory/approvals/second-pass-accounting/VAT/API tests,Zero-money partial restock and invoice correction edges,Extended the existing movement ledger; preserved integer quantities and WAC,Verified / hardened
R07 Inventory flow: Approved negative adjustment,Yes,inventory/approvals/second-pass-accounting/VAT/API tests,Zero-money partial restock and invoice correction edges,Extended the existing movement ledger; preserved integer quantities and WAC,Verified / hardened
R07 Inventory flow: Approved supplier return,Yes,inventory/approvals/second-pass-accounting/VAT/API tests,Zero-money partial restock and invoice correction edges,Extended the existing movement ledger; preserved integer quantities and WAC,Verified / hardened
"R07 Product, quantity, previous/new balance, actor, time, reason and ref",Yes,"schema, movement tests, stronger integrity checker",REPLACE and source-to-ledger reconciliation gaps,Recursive immutable guards; exact balance/version/source checks,Fixed and verified
R08 POS: Product/brand search,Yes,sales/API tests; browser cash/split/Card/Bank and keyboard-alias scenarios,Aliases and ambiguous scan selection required hardening,"Reused POS/quote engine; preserved aliases, deterministic scan resolution and standard print formats",Verified software; hardware/provider limits apply
R08 POS: Barcode input,Yes,sales/API tests; browser cash/split/Card/Bank and keyboard-alias scenarios,Aliases and ambiguous scan selection required hardening,"Reused POS/quote engine; preserved aliases, deterministic scan resolution and standard print formats",Verified software; hardware/provider limits apply
R08 POS: SKU lookup,Yes,sales/API tests; browser cash/split/Card/Bank and keyboard-alias scenarios,Aliases and ambiguous scan selection required hardening,"Reused POS/quote engine; preserved aliases, deterministic scan resolution and standard print formats",Verified software; hardware/provider limits apply
R08 POS: Quantity changes,Yes,sales/API tests; browser cash/split/Card/Bank and keyboard-alias scenarios,Aliases and ambiguous scan selection required hardening,"Reused POS/quote engine; preserved aliases, deterministic scan resolution and standard print formats",Verified software; hardware/provider limits apply
R08 POS: Authorised discounts,Yes,sales/API tests; browser cash/split/Card/Bank and keyboard-alias scenarios,Aliases and ambiguous scan selection required hardening,"Reused POS/quote engine; preserved aliases, deterministic scan resolution and standard print formats",Verified software; hardware/provider limits apply
R08 POS: Cash / change,Yes,sales/API tests; browser cash/split/Card/Bank and keyboard-alias scenarios,Aliases and ambiguous scan selection required hardening,"Reused POS/quote engine; preserved aliases, deterministic scan resolution and standard print formats",Verified software; hardware/provider limits apply
R08 POS: M-Pesa,Yes,sales/API tests; browser cash/split/Card/Bank and keyboard-alias scenarios,Aliases and ambiguous scan selection required hardening,"Reused POS/quote engine; preserved aliases, deterministic scan resolution and standard print formats",Verified software; hardware/provider limits apply
R08 POS: Card,Yes,sales/API tests; browser cash/split/Card/Bank and keyboard-alias scenarios,Aliases and ambiguous scan selection required hardening,"Reused POS/quote engine; preserved aliases, deterministic scan resolution and standard print formats",Verified software; hardware/provider limits apply
R08 POS: Bank,Yes,sales/API tests; browser cash/split/Card/Bank and keyboard-alias scenarios,Aliases and ambiguous scan selection required hardening,"Reused POS/quote engine; preserved aliases, deterministic scan resolution and standard print formats",Verified software; hardware/provider limits apply
R08 POS: Mixed tenders,Yes,sales/API tests; browser cash/split/Card/Bank and keyboard-alias scenarios,Aliases and ambiguous scan selection required hardening,"Reused POS/quote engine; preserved aliases, deterministic scan resolution and standard print formats",Verified software; hardware/provider limits apply
R08 POS: Unique reference,Yes,sales/API tests; browser cash/split/Card/Bank and keyboard-alias scenarios,Aliases and ambiguous scan selection required hardening,"Reused POS/quote engine; preserved aliases, deterministic scan resolution and standard print formats",Verified software; hardware/provider limits apply
R08 POS: Atomic stock deduction,Yes,sales/API tests; browser cash/split/Card/Bank and keyboard-alias scenarios,Aliases and ambiguous scan selection required hardening,"Reused POS/quote engine; preserved aliases, deterministic scan resolution and standard print formats",Verified software; hardware/provider limits apply
R08 POS: Balanced journal,Yes,sales/API tests; browser cash/split/Card/Bank and keyboard-alias scenarios,Aliases and ambiguous scan selection required hardening,"Reused POS/quote engine; preserved aliases, deterministic scan resolution and standard print formats",Verified software; hardware/provider limits apply
R08 POS: PDF receipt,Yes,sales/API tests; browser cash/split/Card/Bank and keyboard-alias scenarios,Aliases and ambiguous scan selection required hardening,"Reused POS/quote engine; preserved aliases, deterministic scan resolution and standard print formats",Verified software; hardware/provider limits apply
R08 POS: Sale → report → audit,Yes,sales/API tests; browser cash/split/Card/Bank and keyboard-alias scenarios,Aliases and ambiguous scan selection required hardening,"Reused POS/quote engine; preserved aliases, deterministic scan resolution and standard print formats",Verified software; hardware/provider limits apply
R08 Idempotency / lost-response recovery,Yes,client-api/recovery-extensions/hardening/browser response-loss tests,"Non-POS, legacy body-less intents and wrong JSON confirmations not fully handled",Extended one existing recovery mechanism and safe key cancellation; branch-scoped replay,Fixed and verified
R10 Expenses: Category / amount / date / method / payee / description,Yes,"API accountant journey, VAT and upload tests",Recoverable tax was not separated from expense cost,Added optional explicit input-tax claim; retained original gross movement and independent corrections,Verified; tax deductibility is manual
R10 Expenses: Supporting evidence and staff attribution,Yes,"API accountant journey, VAT and upload tests",Recoverable tax was not separated from expense cost,Added optional explicit input-tax claim; retained original gross movement and independent corrections,Verified; tax deductibility is manual
R10 Expenses: Audit and immutable original,Yes,"API accountant journey, VAT and upload tests",Recoverable tax was not separated from expense cost,Added optional explicit input-tax claim; retained original gross movement and independent corrections,Verified; tax deductibility is manual
R10 Expenses: Correction and replacement,Yes,"API accountant journey, VAT and upload tests",Recoverable tax was not separated from expense cost,Added optional explicit input-tax claim; retained original gross movement and independent corrections,Verified; tax deductibility is manual
R10 Expenses: Gross payment versus recoverable input VAT,Partial,"API accountant journey, VAT and upload tests",Recoverable tax was not separated from expense cost,Added optional explicit input-tax claim; retained original gross movement and independent corrections,Verified; tax deductibility is manual
R11 Cash / closing: Opening + net cash sales − expenses − supplier outflows,Yes,expenses/approvals/API/browser tests,Normalised register uniqueness; source reconciliation and date scoping improved,Reused existing sessions/closing; no re-opening or rewriting of posted sessions,Verified
R11 Cash / closing: Actual count versus expected,Yes,expenses/approvals/API/browser tests,Normalised register uniqueness; source reconciliation and date scoping improved,Reused existing sessions/closing; no re-opening or rewriting of posted sessions,Verified
R11 Cash / closing: Surplus / shortage / variance / explanation,Yes,expenses/approvals/API/browser tests,Normalised register uniqueness; source reconciliation and date scoping improved,Reused existing sessions/closing; no re-opening or rewriting of posted sessions,Verified
R11 Cash / closing: Independent reviewer,Yes,expenses/approvals/API/browser tests,Normalised register uniqueness; source reconciliation and date scoping improved,Reused existing sessions/closing; no re-opening or rewriting of posted sessions,Verified
R11 Cash / closing: Immutable closing and later linked count correction,Yes,expenses/approvals/API/browser tests,Normalised register uniqueness; source reconciliation and date scoping improved,Reused existing sessions/closing; no re-opening or rewriting of posted sessions,Verified
R12 Dashboard: Today,Yes (API); partial UI,analytics tests; dashboard browser controls,Several existing projections were not visible / were mislabelled,Exposed existing datasets and selected-period metrics; distinguish current stock from period flows,Fixed and verified
R12 Dashboard: Yesterday,Yes (API); partial UI,analytics tests; dashboard browser controls,Several existing projections were not visible / were mislabelled,Exposed existing datasets and selected-period metrics; distinguish current stock from period flows,Fixed and verified
R12 Dashboard: This week,Yes (API); partial UI,analytics tests; dashboard browser controls,Several existing projections were not visible / were mislabelled,Exposed existing datasets and selected-period metrics; distinguish current stock from period flows,Fixed and verified
R12 Dashboard: This month,Yes (API); partial UI,analytics tests; dashboard browser controls,Several existing projections were not visible / were mislabelled,Exposed existing datasets and selected-period metrics; distinguish current stock from period flows,Fixed and verified
R12 Dashboard: Custom date range,Yes (API); partial UI,analytics tests; dashboard browser controls,Several existing projections were not visible / were mislabelled,Exposed existing datasets and selected-period metrics; distinguish current stock from period flows,Fixed and verified
R12 Dashboard: Revenue,Yes (API); partial UI,analytics tests; dashboard browser controls,Several existing projections were not visible / were mislabelled,Exposed existing datasets and selected-period metrics; distinguish current stock from period flows,Fixed and verified
R12 Dashboard: Recorded COGS,Yes (API); partial UI,analytics tests; dashboard browser controls,Several existing projections were not visible / were mislabelled,Exposed existing datasets and selected-period metrics; distinguish current stock from period flows,Fixed and verified
R12 Dashboard: Gross profit,Yes (API); partial UI,analytics tests; dashboard browser controls,Several existing projections were not visible / were mislabelled,Exposed existing datasets and selected-period metrics; distinguish current stock from period flows,Fixed and verified
R12 Dashboard: Gross margin,Yes (API); partial UI,analytics tests; dashboard browser controls,Several existing projections were not visible / were mislabelled,Exposed existing datasets and selected-period metrics; distinguish current stock from period flows,Fixed and verified
R12 Dashboard: Expenses,Yes (API); partial UI,analytics tests; dashboard browser controls,Several existing projections were not visible / were mislabelled,Exposed existing datasets and selected-period metrics; distinguish current stock from period flows,Fixed and verified
R12 Dashboard: Net operating result,Yes (API); partial UI,analytics tests; dashboard browser controls,Several existing projections were not visible / were mislabelled,Exposed existing datasets and selected-period metrics; distinguish current stock from period flows,Fixed and verified
R12 Dashboard: Transactions / average transaction,Yes (API); partial UI,analytics tests; dashboard browser controls,Several existing projections were not visible / were mislabelled,Exposed existing datasets and selected-period metrics; distinguish current stock from period flows,Fixed and verified
R12 Dashboard: Current stock value,Yes (API); partial UI,analytics tests; dashboard browser controls,Several existing projections were not visible / were mislabelled,Exposed existing datasets and selected-period metrics; distinguish current stock from period flows,Fixed and verified
R12 Dashboard: Low / out-of-stock,Yes (API); partial UI,analytics tests; dashboard browser controls,Several existing projections were not visible / were mislabelled,Exposed existing datasets and selected-period metrics; distinguish current stock from period flows,Fixed and verified
R12 Dashboard: Pending approvals,Yes (API); partial UI,analytics tests; dashboard browser controls,Several existing projections were not visible / were mislabelled,Exposed existing datasets and selected-period metrics; distinguish current stock from period flows,Fixed and verified
R12 Dashboard: Best sellers,Yes (API); partial UI,analytics tests; dashboard browser controls,Several existing projections were not visible / were mislabelled,Exposed existing datasets and selected-period metrics; distinguish current stock from period flows,Fixed and verified
R12 Dashboard: Slow movers,Yes (API); partial UI,analytics tests; dashboard browser controls,Several existing projections were not visible / were mislabelled,Exposed existing datasets and selected-period metrics; distinguish current stock from period flows,Fixed and verified
R12 Dashboard: Highest revenue,Yes (API); partial UI,analytics tests; dashboard browser controls,Several existing projections were not visible / were mislabelled,Exposed existing datasets and selected-period metrics; distinguish current stock from period flows,Fixed and verified
R12 Dashboard: Highest margin,Yes (API); partial UI,analytics tests; dashboard browser controls,Several existing projections were not visible / were mislabelled,Exposed existing datasets and selected-period metrics; distinguish current stock from period flows,Fixed and verified
R12 Dashboard: Declining products,Yes (API); partial UI,analytics tests; dashboard browser controls,Several existing projections were not visible / were mislabelled,Exposed existing datasets and selected-period metrics; distinguish current stock from period flows,Fixed and verified
R12 Staff performance: Staff sales/revenue/count/average,Yes,api-completion + branch-scoping tests,Some counts mixed branch/date or omitted request types,Scoped all projections; distinguish gross entered expense and received/posted activity,Fixed and verified
R12 Staff performance: Discounts and correction requests,Yes,api-completion + branch-scoping tests,Some counts mixed branch/date or omitted request types,Scoped all projections; distinguish gross entered expense and received/posted activity,Fixed and verified
R12 Staff performance: Expenses entered,Yes,api-completion + branch-scoping tests,Some counts mixed branch/date or omitted request types,Scoped all projections; distinguish gross entered expense and received/posted activity,Fixed and verified
R12 Staff performance: Stock requests / receipts / posted activity,Yes,api-completion + branch-scoping tests,Some counts mixed branch/date or omitted request types,Scoped all projections; distinguish gross entered expense and received/posted activity,Fixed and verified
R12 Staff performance: Reconciliation status and human-review disclaimer,Yes,api-completion + branch-scoping tests,Some counts mixed branch/date or omitted request types,Scoped all projections; distinguish gross entered expense and received/posted activity,Fixed and verified
R13 Report: Sales,Yes,API report permission/CSV/PDF loop; reports/VAT tests,"Unknown filters, non-additive totals, payment sources, decision/audit detail",Hardened existing report engine; full money movement sources and VAT-aware columns,Verified
R13 Report: Profit,Yes,API report permission/CSV/PDF loop; reports/VAT tests,"Unknown filters, non-additive totals, payment sources, decision/audit detail",Hardened existing report engine; full money movement sources and VAT-aware columns,Verified
R13 Report: Inventory,Yes,API report permission/CSV/PDF loop; reports/VAT tests,"Unknown filters, non-additive totals, payment sources, decision/audit detail",Hardened existing report engine; full money movement sources and VAT-aware columns,Verified
R13 Report: Purchases,Yes,API report permission/CSV/PDF loop; reports/VAT tests,"Unknown filters, non-additive totals, payment sources, decision/audit detail",Hardened existing report engine; full money movement sources and VAT-aware columns,Verified
R13 Report: Expenses,Yes,API report permission/CSV/PDF loop; reports/VAT tests,"Unknown filters, non-additive totals, payment sources, decision/audit detail",Hardened existing report engine; full money movement sources and VAT-aware columns,Verified
R13 Report: Payments,Yes,API report permission/CSV/PDF loop; reports/VAT tests,"Unknown filters, non-additive totals, payment sources, decision/audit detail",Hardened existing report engine; full money movement sources and VAT-aware columns,Verified
R13 Report: Staff,Yes,API report permission/CSV/PDF loop; reports/VAT tests,"Unknown filters, non-additive totals, payment sources, decision/audit detail",Hardened existing report engine; full money movement sources and VAT-aware columns,Verified
R13 Report: Approvals,Yes,API report permission/CSV/PDF loop; reports/VAT tests,"Unknown filters, non-additive totals, payment sources, decision/audit detail",Hardened existing report engine; full money movement sources and VAT-aware columns,Verified
R13 Report: Audit,Yes,API report permission/CSV/PDF loop; reports/VAT tests,"Unknown filters, non-additive totals, payment sources, decision/audit detail",Hardened existing report engine; full money movement sources and VAT-aware columns,Verified
R13 Report: Journal,Yes,API report permission/CSV/PDF loop; reports/VAT tests,"Unknown filters, non-additive totals, payment sources, decision/audit detail",Hardened existing report engine; full money movement sources and VAT-aware columns,Verified
R13 Appropriate filters; no unauthorised export leakage,Yes,API report loop and cross-tenant/role tests,Unknown parameters were ignored,Strict filter recognition and applicable-filter checks; per-report permissions,Fixed and verified
R14 Security: Authentication / session expiry,Yes,foundation/hardening/api-completion/second-pass-security/client/recovery tests; real browser XSS/HTTPS,Targeted gaps were reproduced,"Closed scoped findings; scrypt-v2 with legacy rehash, stronger limits and append-only checks",Verified engineering controls; not an external pentest
R14 Security: Password hashing / rotation / revocation,Yes,foundation/hardening/api-completion/second-pass-security/client/recovery tests; real browser XSS/HTTPS,Targeted gaps were reproduced,"Closed scoped findings; scrypt-v2 with legacy rehash, stronger limits and append-only checks",Verified engineering controls; not an external pentest
R14 Security: CSRF / origin,Yes,foundation/hardening/api-completion/second-pass-security/client/recovery tests; real browser XSS/HTTPS,Targeted gaps were reproduced,"Closed scoped findings; scrypt-v2 with legacy rehash, stronger limits and append-only checks",Verified engineering controls; not an external pentest
R14 Security: Rate limiting / expired lockout,Yes,foundation/hardening/api-completion/second-pass-security/client/recovery tests; real browser XSS/HTTPS,Targeted gaps were reproduced,"Closed scoped findings; scrypt-v2 with legacy rehash, stronger limits and append-only checks",Verified engineering controls; not an external pentest
R14 Security: Server RBAC,Yes,foundation/hardening/api-completion/second-pass-security/client/recovery tests; real browser XSS/HTTPS,Targeted gaps were reproduced,"Closed scoped findings; scrypt-v2 with legacy rehash, stronger limits and append-only checks",Verified engineering controls; not an external pentest
R14 Security: Cross-user IDOR,Yes,foundation/hardening/api-completion/second-pass-security/client/recovery tests; real browser XSS/HTTPS,Targeted gaps were reproduced,"Closed scoped findings; scrypt-v2 with legacy rehash, stronger limits and append-only checks",Verified engineering controls; not an external pentest
R14 Security: Cross-tenant scope,Yes,foundation/hardening/api-completion/second-pass-security/client/recovery tests; real browser XSS/HTTPS,Targeted gaps were reproduced,"Closed scoped findings; scrypt-v2 with legacy rehash, stronger limits and append-only checks",Verified engineering controls; not an external pentest
R14 Security: Branch reassignment / replay,Yes,foundation/hardening/api-completion/second-pass-security/client/recovery tests; real browser XSS/HTTPS,Targeted gaps were reproduced,"Closed scoped findings; scrypt-v2 with legacy rehash, stronger limits and append-only checks",Verified engineering controls; not an external pentest
R14 Security: Body privilege/price/scope tampering,Yes,foundation/hardening/api-completion/second-pass-security/client/recovery tests; real browser XSS/HTTPS,Targeted gaps were reproduced,"Closed scoped findings; scrypt-v2 with legacy rehash, stronger limits and append-only checks",Verified engineering controls; not an external pentest
R14 Security: Approval payload/status tampering,Yes,foundation/hardening/api-completion/second-pass-security/client/recovery tests; real browser XSS/HTTPS,Targeted gaps were reproduced,"Closed scoped findings; scrypt-v2 with legacy rehash, stronger limits and append-only checks",Verified engineering controls; not an external pentest
R14 Security: Audit / inventory / financial mutation,Yes,foundation/hardening/api-completion/second-pass-security/client/recovery tests; real browser XSS/HTTPS,Targeted gaps were reproduced,"Closed scoped findings; scrypt-v2 with legacy rehash, stronger limits and append-only checks",Verified engineering controls; not an external pentest
R14 Security: Upload type/size/purpose/ownership,Yes,foundation/hardening/api-completion/second-pass-security/client/recovery tests; real browser XSS/HTTPS,Targeted gaps were reproduced,"Closed scoped findings; scrypt-v2 with legacy rehash, stronger limits and append-only checks",Verified engineering controls; not an external pentest
R14 Security: SQL injection,Yes,foundation/hardening/api-completion/second-pass-security/client/recovery tests; real browser XSS/HTTPS,Targeted gaps were reproduced,"Closed scoped findings; scrypt-v2 with legacy rehash, stronger limits and append-only checks",Verified engineering controls; not an external pentest
R14 Security: XSS / CSV formulas,Yes,foundation/hardening/api-completion/second-pass-security/client/recovery tests; real browser XSS/HTTPS,Targeted gaps were reproduced,"Closed scoped findings; scrypt-v2 with legacy rehash, stronger limits and append-only checks",Verified engineering controls; not an external pentest
R14 Security: Duplicate checkout / concurrency,Yes,foundation/hardening/api-completion/second-pass-security/client/recovery tests; real browser XSS/HTTPS,Targeted gaps were reproduced,"Closed scoped findings; scrypt-v2 with legacy rehash, stronger limits and append-only checks",Verified engineering controls; not an external pentest
R14 Security: Replay / cancellation,Yes,foundation/hardening/api-completion/second-pass-security/client/recovery tests; real browser XSS/HTTPS,Targeted gaps were reproduced,"Closed scoped findings; scrypt-v2 with legacy rehash, stronger limits and append-only checks",Verified engineering controls; not an external pentest
R14 Preview/operational separation,Yes,"provenance tests, including editable-email attack cases",Editable email heuristics could misclassify unmarked data or disrupt explicit operational data,"Immutable provenance/audit evidence, fail-closed classification; never email-based preview grants",Fixed and verified
R15 Accounting: Sale tenders / revenue / output VAT,Yes,"VAT precision, late journal rollback, migration/failure, accountant and integrity tests","Source-to-GL detection, penny refunds and input tax needed strengthening","Same journal engine; exact cents, source reconciliations, transactional migrations and append-only reversals",Verified accounting mechanics
R15 Accounting: COGS / inventory,Yes,"VAT precision, late journal rollback, migration/failure, accountant and integrity tests","Source-to-GL detection, penny refunds and input tax needed strengthening","Same journal engine; exact cents, source reconciliations, transactional migrations and append-only reversals",Verified accounting mechanics
R15 Accounting: Receiving / accounts payable / actual settlement,Yes,"VAT precision, late journal rollback, migration/failure, accountant and integrity tests","Source-to-GL detection, penny refunds and input tax needed strengthening","Same journal engine; exact cents, source reconciliations, transactional migrations and append-only reversals",Verified accounting mechanics
R15 Accounting: Expense / tender account,Yes,"VAT precision, late journal rollback, migration/failure, accountant and integrity tests","Source-to-GL detection, penny refunds and input tax needed strengthening","Same journal engine; exact cents, source reconciliations, transactional migrations and append-only reversals",Verified accounting mechanics
R15 Accounting: Refund of recorded price/tax/COGS,Yes,"VAT precision, late journal rollback, migration/failure, accountant and integrity tests","Source-to-GL detection, penny refunds and input tax needed strengthening","Same journal engine; exact cents, source reconciliations, transactional migrations and append-only reversals",Verified accounting mechanics
R15 Accounting: Stock loss / adjustment counterpart,Yes,"VAT precision, late journal rollback, migration/failure, accountant and integrity tests","Source-to-GL detection, penny refunds and input tax needed strengthening","Same journal engine; exact cents, source reconciliations, transactional migrations and append-only reversals",Verified accounting mechanics
R15 Accounting: Manually recorded recoverable input VAT,Partial,"VAT precision, late journal rollback, migration/failure, accountant and integrity tests","Source-to-GL detection, penny refunds and input tax needed strengthening","Same journal engine; exact cents, source reconciliations, transactional migrations and append-only reversals",Verified accounting mechanics
R15 Accounting: Atomic financial mutations and failed schema upgrades,Yes,"VAT precision, late journal rollback, migration/failure, accountant and integrity tests","Source-to-GL detection, penny refunds and input tax needed strengthening","Same journal engine; exact cents, source reconciliations, transactional migrations and append-only reversals",Verified accounting mechanics
R16 Kenya readiness: KES,Yes,"implementation, receipt/metadata/date tests and source register",PIN was not on receipts; snapshots absent,Snapshot/display configured identity and explicit tax claims; no invented PIN/supplier facts,Verified mechanics; manual values required
R16 Kenya readiness: Africa/Nairobi date boundaries,Yes,"implementation, receipt/metadata/date tests and source register",PIN was not on receipts; snapshots absent,Snapshot/display configured identity and explicit tax claims; no invented PIN/supplier facts,Verified mechanics; manual values required
R16 Kenya readiness: Product VAT configuration,Yes,"implementation, receipt/metadata/date tests and source register",PIN was not on receipts; snapshots absent,Snapshot/display configured identity and explicit tax claims; no invented PIN/supplier facts,Verified mechanics; manual values required
R16 Kenya readiness: Stored business PIN / branch information,Yes,"implementation, receipt/metadata/date tests and source register",PIN was not on receipts; snapshots absent,Snapshot/display configured identity and explicit tax claims; no invented PIN/supplier facts,Verified mechanics; manual values required
R16 Kenya readiness: Supplier records,Yes,"implementation, receipt/metadata/date tests and source register",PIN was not on receipts; snapshots absent,Snapshot/display configured identity and explicit tax claims; no invented PIN/supplier facts,Verified mechanics; manual values required
R16 Kenya readiness: Kenyan source-linked catalogue,Yes,"implementation, receipt/metadata/date tests and source register",PIN was not on receipts; snapshots absent,Snapshot/display configured identity and explicit tax claims; no invented PIN/supplier facts,Verified mechanics; manual values required
R16 M-Pesa integration / provider reconciliation,No (manual recording exists),Official Safaricom onboarding/callback guide; source has no connector,E02 P1 external,"Real shortcode/account, secure credentials, callbacks, idempotent matching and witnessed transaction acceptance required",NOT production-verified
R16 KRA / eTIMS fiscal integration and legal invoice compliance,No,Current KRA guidance inspected; receipts explicitly non-fiscal,E01 P1 external,KRA onboarding/certification or validated external fiscal workflow; no fake fiscal numbers,NOT production-ready as sole fiscal invoicing system
R17 Hardware: USB/Bluetooth keyboard-wedge scanner,Partial,Browser keyboard input/PDF/media-box/viewport tests only,E03 physical-device acceptance missing,Manual search/download/count fallback; execute HARDWARE_ACCEPTANCE.md on actual devices,Software paths verified; physical hardware UNVERIFIED
R17 Hardware: Receipt printers 58/80 mm,Partial,Browser keyboard input/PDF/media-box/viewport tests only,E03 physical-device acceptance missing,Manual search/download/count fallback; execute HARDWARE_ACCEPTANCE.md on actual devices,Software paths verified; physical hardware UNVERIFIED
R17 Hardware: A4 printers,Partial,Browser keyboard input/PDF/media-box/viewport tests only,E03 physical-device acceptance missing,Manual search/download/count fallback; execute HARDWARE_ACCEPTANCE.md on actual devices,Software paths verified; physical hardware UNVERIFIED
R17 Hardware: Cash drawers,Partial,Browser keyboard input/PDF/media-box/viewport tests only,E03 physical-device acceptance missing,Manual search/download/count fallback; execute HARDWARE_ACCEPTANCE.md on actual devices,Software paths verified; physical hardware UNVERIFIED
R17 Hardware: Tablet POS,Partial,Browser keyboard input/PDF/media-box/viewport tests only,E03 physical-device acceptance missing,Manual search/download/count fallback; execute HARDWARE_ACCEPTANCE.md on actual devices,Software paths verified; physical hardware UNVERIFIED
R18 Business → branch → register → user → inventory / financial scopes,"Yes, single-branch UI",Schema and reassignment/IDOR tests,Register identity is session-based; no provisioning/switch/transfer UI,"Preserve single-branch UI; document memberships, registers, transfers, access and concurrency prerequisites",Foundation verified; multi-branch activation P3
R19 Read-only AI features / no autonomous financial mutation,Yes,GET permission and POST rejection tests; source inspection,No actual forecasting service or machine token integration,Retained read-only feature boundary; require human-owned approval workflows,Read-only boundary verified; AI service P3
R20 Execute npm ci,Yes,Fresh baseline and final execution; SECOND_PASS_VERIFICATION.json,Final lint found new-test unused imports; fixed and verify rerun,"Recorded real results, failures and successful rechecks",Passed
R20 Execute npm run test,Yes,Fresh baseline and final execution; SECOND_PASS_VERIFICATION.json,Final lint found new-test unused imports; fixed and verify rerun,"Recorded real results, failures and successful rechecks",Passed
R20 Execute npm run typecheck,Yes,Fresh baseline and final execution; SECOND_PASS_VERIFICATION.json,Final lint found new-test unused imports; fixed and verify rerun,"Recorded real results, failures and successful rechecks",Passed
R20 Execute npm run lint,Yes,Fresh baseline and final execution; SECOND_PASS_VERIFICATION.json,Final lint found new-test unused imports; fixed and verify rerun,"Recorded real results, failures and successful rechecks",Passed
R20 Execute npm run build,Yes,Fresh baseline and final execution; SECOND_PASS_VERIFICATION.json,Final lint found new-test unused imports; fixed and verify rerun,"Recorded real results, failures and successful rechecks",Passed
R20 Execute npm run verify,Yes,Fresh baseline and final execution; SECOND_PASS_VERIFICATION.json,Final lint found new-test unused imports; fixed and verify rerun,"Recorded real results, failures and successful rechecks",Passed
R20 Execute npm run db:check,Yes,Fresh baseline and final execution; SECOND_PASS_VERIFICATION.json,Final lint found new-test unused imports; fixed and verify rerun,"Recorded real results, failures and successful rechecks",Passed
R20 Execute npm run test:e2e,Yes,Fresh baseline and final execution; SECOND_PASS_VERIFICATION.json,Final lint found new-test unused imports; fixed and verify rerun,"Recorded real results, failures and successful rechecks",Passed
R20 Execute npm audit --omit=dev,Yes,Fresh baseline and final execution; SECOND_PASS_VERIFICATION.json,Final lint found new-test unused imports; fixed and verify rerun,"Recorded real results, failures and successful rechecks",Passed
R21 P0/P1/P2/P3 gap classification,Added,SECOND_PASS_AUDIT.md finding register,Baseline green was not sufficient,P0 first; local P1 fixed; external P1 explicitly blocked; P3 deferred,Delivered
R22 No duplication / reuse architecture,Yes,Source diff and route inventory,No second POS/auth/ledger/approval system warranted,Existing files extended; only shared metadata and migrations/test modules added,Verified
R23 Audit report / matrix / plan / implementation / verification / final status,Added,"This matrix, audit, evidence JSON, source changes and hardware/multi-branch guides",Requested second-pass handoff did not previously exist,Produce linked deliverables with exact boundaries and evidence,Delivered
R24 Critical chain: SALE → PAYMENT → STOCK → JOURNAL → RECEIPT → REPORT → AUDIT,Yes,Authenticated accountant API journey + 8 browser scenarios and original-record assertions,Additional edge paths absent from original suite,"Executed real chains and tested failures, not just visible screens",Verified software; external go-live gates remain
R24 Critical chain: ERROR → REQUEST → INDEPENDENT REVIEW → LINKED CORRECTION → AUDIT,Yes,Authenticated accountant API journey + 8 browser scenarios and original-record assertions,Additional edge paths absent from original suite,"Executed real chains and tested failures, not just visible screens",Verified software; external go-live gates remain
R24 Critical chain: PURCHASE → RECEIVING → STOCK → SUPPLIER / JOURNAL → REPORT,Yes,Authenticated accountant API journey + 8 browser scenarios and original-record assertions,Additional edge paths absent from original suite,"Executed real chains and tested failures, not just visible screens",Verified software; external go-live gates remain
R24 Critical chain: EXPENSE → ENTRY → JOURNAL → CLOSING → REPORT → AUDIT,Yes,Authenticated accountant API journey + 8 browser scenarios and original-record assertions,Additional edge paths absent from original suite,"Executed real chains and tested failures, not just visible screens",Verified software; external go-live gates remain
